<?xml version="1.0" encoding="UTF-8"?>
<rss version="2.0" xmlns:atom="http://www.w3.org/2005/Atom">
  <channel>
    <title>array101</title>
    <description>random dev posts</description>
    <link>http://localhost:4000/</link>
    <atom:link href="http://localhost:4000/feed.xml" rel="self" type="application/rss+xml" />
    <pubDate>Wed, 14 Apr 2021 10:30:22 +1000</pubDate>
    <lastBuildDate>Wed, 14 Apr 2021 10:30:22 +1000</lastBuildDate>
    <generator>Jekyll v3.9.0</generator>
    
      <item>
        <title>ES6: Array methods</title>
        <keywords>[&quot;javascript&quot;, &quot;typescript&quot;, &quot;es6&quot;]</keywords>
        <pubDate>Wed, 02 Sep 2020 00:00:00 +1000</pubDate>
        <link>http://localhost:4000/blog/2020/es6-array-methods.html</link>
        <guid isPermaLink="true">http://localhost:4000/blog/2020/es6-array-methods.html</guid>
        
        <category>javascript</category>
        
        <category>typescript</category>
        
        <category>es6</category>
        
        
        <category>blog</category>
        
      </item>
    
      <item>
        <title>Handy find command tricks for NIX terminal users</title>
        <keywords>[&quot;UNIX&quot;, &quot;linux&quot;, &quot;shell&quot;, &quot;terminal&quot;]</keywords>
        <pubDate>Sat, 01 Dec 2018 00:00:00 +1100</pubDate>
        <link>http://localhost:4000/blog/2018/handy-find-command-tricks-for-NIX-terminal-users.html</link>
        <guid isPermaLink="true">http://localhost:4000/blog/2018/handy-find-command-tricks-for-NIX-terminal-users.html</guid>
        
        <category>UNIX</category>
        
        <category>linux</category>
        
        <category>shell</category>
        
        <category>terminal</category>
        
        
        <category>blog</category>
        
      </item>
    
      <item>
        <title>Kickstarting MongoDB for postgreSQL users</title>
        <keywords>[&quot;nosql&quot;, &quot;mongodb&quot;, &quot;database&quot;]</keywords>
        <pubDate>Wed, 20 Dec 2017 00:00:00 +1100</pubDate>
        <link>http://localhost:4000/blog/2017/mongodb-basics-for-relational-db-people.html</link>
        <guid isPermaLink="true">http://localhost:4000/blog/2017/mongodb-basics-for-relational-db-people.html</guid>
        
        <category>nosql</category>
        
        <category>mongodb</category>
        
        <category>database</category>
        
        
        <category>blog</category>
        
      </item>
    
      <item>
        <title>Rails development workflow in ubuntu linux</title>
        <keywords>[&quot;linux&quot;, &quot;ubuntu&quot;, &quot;ruby-on-rails&quot;]</keywords>
        <pubDate>Sun, 27 Nov 2016 00:00:00 +1100</pubDate>
        <link>http://localhost:4000/blog/2016/rails-development-workflow-in-ubuntu.html</link>
        <guid isPermaLink="true">http://localhost:4000/blog/2016/rails-development-workflow-in-ubuntu.html</guid>
        
        <category>linux</category>
        
        <category>ubuntu</category>
        
        <category>ruby-on-rails</category>
        
        
        <category>blog</category>
        
      </item>
    
      <item>
        <title>Quickstart: output redirection with file descriptors in linux</title>
        <keywords>[&quot;linux&quot;, &quot;bash&quot;]</keywords>
        <pubDate>Thu, 10 Mar 2016 00:00:00 +1100</pubDate>
        <link>http://localhost:4000/blog/2016/redirecting-command-output-using-file-descriptors-in-linux.html</link>
        <guid isPermaLink="true">http://localhost:4000/blog/2016/redirecting-command-output-using-file-descriptors-in-linux.html</guid>
        
        <category>linux</category>
        
        <category>bash</category>
        
        
        <category>blog</category>
        
      </item>
    
  </channel>
</rss>
